{
  "total_predictions": 166,
  "phase1_call_acc": {
    "passed": 90,
    "rate": 54.22,
    "duration_ms": 405988.60750500014
  },
  "phase2_exec_acc": {
    "passed": 90,
    "rate": 54.22
  },
  "phase3_efficiency": {
    "speedup_vs_pytorch": 1.48,
    "raw_output_tail": "struct.json failed\nifftshift.json: 0.9662\ninvert_matrix_lu.json: 2.8679\nleaky_relu.json: 0.994\nlog.json: 0.9888\nlog1p.json: 0.994\nlog_tanh.json: 3.0851\nlogit.json: 0.9117\nmatrix_multiply_symmetric.json: 0.9124\nmatrix_power_eig.json failed\nmatrix_vector_dot.json: 1.0165\nmax.json: 1.03\nmean.json: 0.9398\nmin.json: 1.0031\nnormalize_pairwise_distance.json failed\nnormalized_cosine_similarity.json: 1.3045\nones_like.json: 1.6\npermute_copy.json failed\npolygamma.json: 0.8997\npseudoinverse_svd.json: 0.9834\nqr.json: 1.1292\nrad2deg_sqrt.json: 1.2151\nreciprocal.json: 0.9895\nrelu.json: 0.9887\nrelu_conv2d.json: 0.9295\nrelu_sqrt.json: 1.9119\nrsqrt.json: 4.0848\nscaled_add_norm.json: 1.1568\nselu.json: 8.1983\nsigmoid.json: 0.9857\nsigmoid_adaptive_avg_pool2d.json: 1.0764\nsigmoid_argmax.json: 0.9697\nsigmoid_conv2d.json failed\nsoftmax.json failed\nsoftmax_log.json: 0.9965\nsolve_and_add_scaled_vector..json: 1.0178\nspectral_norm_eig.json failed\nsqrt.json: 0.9895\nsqrt_exp.json: 1.9011\nsqrt_tanh.json: 3.578\nsum.json: 1.0366\nsum_std.json: 0.9438\nsymmetric_matrix_vector_norm.json failed\nsymmetric_mm_and_abs_sum.json: 1.0165\ntanh.json: 0.9857\ntanh_linear.json failed\ntensordot.json: 0.8579\ntensordot_rsqrt.json: 1.0059\ntrunc.json: 0.991\n[0.9917, 0.9703, 2.208, 1.4379, 0.9927, 0.1079, 0.1365, 4.5015, 0.9703, 5.4553, 1.6, 0.951, 1.0262, 1.9057, 4.3491, 1.5117, 0.9719, 1.7855, 0.9968, 0.991, 2.3233, 0.9917, 0.9915, 1.9024, 0.8495, 0.9876, 0.8856, 0.4801, 0.1835, 0.1787, 0.8478, 2.1702, 0.8877, 1.6138, 2.3262, 0.9662, 2.8679, 0.994, 0.9888, 0.994, 3.0851, 0.9117, 0.9124, 1.0165, 1.03, 0.9398, 1.0031, 1.3045, 1.6, 0.8997, 0.9834, 1.1292, 1.2151, 0.9895, 0.9887, 0.9295, 1.9119, 4.0848, 1.1568, 8.1983, 0.9857, 1.0764, 0.9697, 0.9965, 1.0178, 0.9895, 1.9011, 3.578, 1.0366, 0.9438, 1.0165, 0.9857, 0.8579, 1.0059, 0.991]\n\nperf_results\nspeed up: 1.48\n================================================================================================================================================================\n",
    "duration_ms": 121.35910799952399
  },
  "per_op": {
    "abs.py": {
      "call_acc_passed": true,
      "exe_acc_passed": true
    },
    "add.py": {
      "call_acc_passed": true,
      "exe_acc_passed": true
    },
    "add_gelu.py": {
      "call_acc_passed": true,
      "exe_acc_passed": true
    },
    "add_mean.py": {
      "call_acc_passed": true,
      "exe_acc_passed": true
    },
    "addmm.py": {
      "call_acc_passed": true,
      "exe_acc_passed": true
    },
    "argmax.py": {
      "call_acc_passed": true,
      "exe_acc_passed": true
    },
    "autocast.py": {
      "call_acc_passed": true,
      "exe_acc_passed": true
    },
    "batch_norm.py": {
      "call_acc_passed": true,
      "exe_acc_passed": true
    },
    "bessel_j1.py": {
      "call_acc_passed": true,
      "exe_acc_passed": true
    },
    "bitwise_and.py": {
      "call_acc_passed": true,
      "exe_acc_passed": true
    },
    "bitwise_and_binomial.py": {
      "call_acc_passed": true,
      "exe_acc_passed": true
    },
    "broadcast_tensors.py": {
      "call_acc_passed": true,
      "exe_acc_passed": true
    },
    "cos.py": {
      "call_acc_passed": true,
      "exe_acc_passed": true
    },
    "cos_signbit.py": {
      "call_acc_passed": true,
      "exe_acc_passed": true
    },
    "determinant_lu.py": {
      "call_acc_passed": true,
      "exe_acc_passed": true
    },
    "determinant_via_qr.py": {
      "call_acc_passed": true,
      "exe_acc_passed": true
    },
    "digamma.py": {
      "call_acc_passed": true,
      "exe_acc_passed": true
    },
    "div.py": {
      "call_acc_passed": true,
      "exe_acc_passed": true
    },
    "dropout_relu_batch_norm_conv2d.py": {
      "call_acc_passed": true,
      "exe_acc_passed": true
    },
    "elu_linear.py": {
      "call_acc_passed": true,
      "exe_acc_passed": true
    },
    "erf.py": {
      "call_acc_passed": true,
      "exe_acc_passed": true
    },
    "erfc_sqrt.py": {
      "call_acc_passed": true,
      "exe_acc_passed": true
    },
    "exp.py": {
      "call_acc_passed": true,
      "exe_acc_passed": true
    },
    "exp_mean.py": {
      "call_acc_passed": true,
      "exe_acc_passed": true
    },
    "exp_sqrt.py": {
      "call_acc_passed": true,
      "exe_acc_passed": true
    },
    "fused_bmm_dropout_gelu.py": {
      "call_acc_passed": true,
      "exe_acc_passed": true
    },
    "fused_bmm_rmsnorm_gelu_dropout.py": {
      "call_acc_passed": true,
      "exe_acc_passed": true
    },
    "fused_bmm_rmsnorm_gelu_dropout_sub.py": {
      "call_acc_passed": true,
      "exe_acc_passed": true
    },
    "fused_cosine_embedding_loss_with_normalization.py": {
      "call_acc_passed": true,
      "exe_acc_passed": true
    },
    "fused_cross_entropy_log_softmax.py": {
      "call_acc_passed": true,
      "exe_acc_passed": true
    },
    "fused_embedding_add_tanh.py": {
      "call_acc_passed": true,
      "exe_acc_passed": true
    },
    "fused_fractional_max_pool2d_with_relu.py": {
      "call_acc_passed": true,
      "exe_acc_passed": true
    },
    "fused_hardshrink_dropout.py": {
      "call_acc_passed": true,
      "exe_acc_passed": true
    },
    "fused_hstack_div.py": {
      "call_acc_passed": true,
      "exe_acc_passed": true
    },
    "fused_index_select_eq.py": {
      "call_acc_passed": true,
      "exe_acc_passed": true
    },
    "fused_instance_norm_selu_conv2d.py": {
      "call_acc_passed": true,
      "exe_acc_passed": true
    },
    "fused_lu_solve.py": {
      "call_acc_passed": true,
      "exe_acc_passed": true
    },
    "fused_pairwise_distance_adaptive_avg_pool2d.py": {
      "call_acc_passed": true,
      "exe_acc_passed": true
    },
    "fused_qr_solve.py": {
      "call_acc_passed": true,
      "exe_acc_passed": true
    },
    "fused_silu_layer_norm_conv2d.py": {
      "call_acc_passed": true,
      "exe_acc_passed": true
    },
    "fused_svd_reconstruct.py": {
      "call_acc_passed": true,
      "exe_acc_passed": true
    },
    "ifftshift.py": {
      "call_acc_passed": true,
      "exe_acc_passed": true
    },
    "invert_matrix_lu.py": {
      "call_acc_passed": true,
      "exe_acc_passed": true
    },
    "leaky_relu.py": {
      "call_acc_passed": true,
      "exe_acc_passed": true
    },
    "log.py": {
      "call_acc_passed": true,
      "exe_acc_passed": true
    },
    "log1p.py": {
      "call_acc_passed": true,
      "exe_acc_passed": true
    },
    "log_tanh.py": {
      "call_acc_passed": true,
      "exe_acc_passed": true
    },
    "logit.py": {
      "call_acc_passed": true,
      "exe_acc_passed": true
    },
    "logsumexp.py": {
      "call_acc_passed": true,
      "exe_acc_passed": true
    },
    "matrix_multiply_symmetric.py": {
      "call_acc_passed": true,
      "exe_acc_passed": true
    },
    "matrix_power_eig.py": {
      "call_acc_passed": true,
      "exe_acc_passed": true
    },
    "matrix_vector_dot.py": {
      "call_acc_passed": true,
      "exe_acc_passed": true
    },
    "max.py": {
      "call_acc_passed": true,
      "exe_acc_passed": true
    },
    "mean.py": {
      "call_acc_passed": true,
      "exe_acc_passed": true
    },
    "min.py": {
      "call_acc_passed": true,
      "exe_acc_passed": true
    },
    "normalize_pairwise_distance.py": {
      "call_acc_passed": true,
      "exe_acc_passed": true
    },
    "normalized_cosine_similarity.py": {
      "call_acc_passed": true,
      "exe_acc_passed": true
    },
    "ones_like.py": {
      "call_acc_passed": true,
      "exe_acc_passed": true
    },
    "permute_copy.py": {
      "call_acc_passed": true,
      "exe_acc_passed": true
    },